product_id,part_number,product_name,category
1,ASM-29406294,Mounting Bracket 1,Mechanical
2,CNC-93480753,Mounting Bracket 2,Mechanical
3,SW-PH10-V2-N78V2,License Key 3,Software
4,CNC-25619008,Mounting Bracket 4,Mechanical
5,E-2025-000005,Resistor Pack 5,Electronics
6,MEC-29743150,Mounting Bracket 6,Mechanical
7,SW-CS60-V4-92BNC,License Key 7,Software
8,E-2025-000008,Resistor Pack 8,Electronics
9,E-2025-000009,Resistor Pack 9,Electronics
10,SW-PH10-V1-AOM7V,License Key 10,Software
11,E-2025-000011,Resistor Pack 11,Electronics
12,ASM-97153965,Mounting Bracket 12,Mechanical
13,E-2025-000013,Resistor Pack 13,Electronics
14,SW-VS22-V5-5SLXY,License Key 14,Software
15,SW-CS60-V1-12AM7,License Key 15,Software
16,E-2025-000016,Resistor Pack 16,Electronics
17,SW-CS60-V2-83PQ1,License Key 17,Software
18,E-2025-000018,Resistor Pack 18,Electronics
19,E-2025-000019,Resistor Pack 19,Electronics
20,MEC-29308720,Mounting Bracket 20,Mechanical
21,MEC-46053995,Mounting Bracket 21,Mechanical
22,SW-VS22-V3-96LLQ,License Key 22,Software
23,E-2025-000023,Resistor Pack 23,Electronics
24,E-2025-000024,Resistor Pack 24,Electronics
25,SW-VS22-V5-XDN1P,License Key 25,Software
26,MEC-40731402,Mounting Bracket 26,Mechanical
27,E-2025-000027,Resistor Pack 27,Electronics
28,E-2025-000028,Resistor Pack 28,Electronics
29,E-2025-000029,Resistor Pack 29,Electronics
30,E-2025-000030,Resistor Pack 30,Electronics
31,ASM-28555993,Mounting Bracket 31,Mechanical
32,SW-VS22-V4-BTYJS,License Key 32,Software
33,SW-PH10-V5-C28IQ,License Key 33,Software
34,MEC-69401256,Mounting Bracket 34,Mechanical
35,CNC-96264020,Mounting Bracket 35,Mechanical
36,E-2025-000036,Resistor Pack 36,Electronics
37,E-2025-000037,Resistor Pack 37,Electronics
38,E-2025-000038,Resistor Pack 38,Electronics
39,E-2025-000039,Resistor Pack 39,Electronics
40,E-2025-000040,Resistor Pack 40,Electronics
41,SW-CS60-V2-D2WCM,License Key 41,Software
42,E-2025-000042,Resistor Pack 42,Electronics
43,E-2025-000043,Resistor Pack 43,Electronics
44,SW-VS22-V4-7Q7KS,License Key 44,Software
45,E-2025-000045,Resistor Pack 45,Electronics
46,SW-VS22-V1-3IW72,License Key 46,Software
47,E-2025-000047,Resistor Pack 47,Electronics
48,E-2025-000048,Resistor Pack 48,Electronics
49,ASM-63852711,Mounting Bracket 49,Mechanical
50,E-2025-000050,Resistor Pack 50,Electronics
51,CNC-81276200,Mounting Bracket 51,Mechanical
52,SW-PH10-V2-QT7IR,License Key 52,Software
53,SW-PH10-V4-OVAJV,License Key 53,Software
54,CNC-31287166,Mounting Bracket 54,Mechanical
55,MEC-60850439,Mounting Bracket 55,Mechanical
56,SW-VS22-V1-SDTJ9,License Key 56,Software
57,ASM-64897611,Mounting Bracket 57,Mechanical
58,SW-CS60-V4-T1RHI,License Key 58,Software
59,SW-PH10-V4-QHU4Z,License Key 59,Software
60,ASM-19209752,Mounting Bracket 60,Mechanical
61,ASM-96346421,Mounting Bracket 61,Mechanical
62,ASM-99903927,Mounting Bracket 62,Mechanical
63,SW-CS60-V5-0ZJV2,License Key 63,Software
64,E-2025-000064,Resistor Pack 64,Electronics
65,SW-PH10-V2-QA3OM,License Key 65,Software
66,SW-PH10-V5-CLI2P,License Key 66,Software
67,MEC-50699937,Mounting Bracket 67,Mechanical
68,E-2025-000068,Resistor Pack 68,Electronics
69,E-2025-000069,Resistor Pack 69,Electronics
70,ASM-27966977,Mounting Bracket 70,Mechanical
71,ASM-85667936,Mounting Bracket 71,Mechanical
72,MEC-65372266,Mounting Bracket 72,Mechanical
73,E-2025-000073,Resistor Pack 73,Electronics
74,E-2025-000074,Resistor Pack 74,Electronics
75,E-2025-000075,Resistor Pack 75,Electronics
76,CNC-20827093,Mounting Bracket 76,Mechanical
77,SW-CS60-V3-U8OR0,License Key 77,Software
78,MEC-28182871,Mounting Bracket 78,Mechanical
79,E-2025-000079,Resistor Pack 79,Electronics
80,E-2025-000080,Resistor Pack 80,Electronics
81,E-2025-000081,Resistor Pack 81,Electronics
82,E-2025-000082,Resistor Pack 82,Electronics
83,ASM-68456911,Mounting Bracket 83,Mechanical
84,ASM-75201479,Mounting Bracket 84,Mechanical
85,E-2025-000085,Resistor Pack 85,Electronics
86,MEC-56804402,Mounting Bracket 86,Mechanical
87,E-2025-000087,Resistor Pack 87,Electronics
88,E-2025-000088,Resistor Pack 88,Electronics
89,ASM-17406650,Mounting Bracket 89,Mechanical
90,SW-VS22-V2-PKDXC,License Key 90,Software
91,E-2025-000091,Resistor Pack 91,Electronics
92,SW-VS22-V1-WYA1X,License Key 92,Software
93,E-2025-000093,Resistor Pack 93,Electronics
94,ASM-38429883,Mounting Bracket 94,Mechanical
95,MEC-42720922,Mounting Bracket 95,Mechanical
96,SW-CS60-V4-WWX7U,License Key 96,Software
97,E-2025-000097,Resistor Pack 97,Electronics
98,E-2025-000098,Resistor Pack 98,Electronics
99,ASM-50187606,Mounting Bracket 99,Mechanical
100,E-2025-000100,Resistor Pack 100,Electronics
101,MEC-53960393,Mounting Bracket 101,Mechanical
102,E-2025-000102,Resistor Pack 102,Electronics
103,E-2025-000103,Resistor Pack 103,Electronics
104,SW-VS22-V1-L0SUH,License Key 104,Software
105,E-2025-000105,Resistor Pack 105,Electronics
106,E-2025-000106,Resistor Pack 106,Electronics
107,E-2025-000107,Resistor Pack 107,Electronics
108,E-2025-000108,Resistor Pack 108,Electronics
109,E-2025-000109,Resistor Pack 109,Electronics
110,SW-PH10-V1-2J6Q7,License Key 110,Software
111,CNC-13328318,Mounting Bracket 111,Mechanical
112,E-2025-000112,Resistor Pack 112,Electronics
113,SW-PH10-V3-4OH0V,License Key 113,Software
114,SW-PH10-V2-SAGUU,License Key 114,Software
115,SW-CS60-V4-78PFP,License Key 115,Software
116,E-2025-000116,Resistor Pack 116,Electronics
117,SW-PH10-V4-6VC9D,License Key 117,Software
118,E-2025-000118,Resistor Pack 118,Electronics
119,SW-CS60-V5-V76FA,License Key 119,Software
120,E-2025-000120,Resistor Pack 120,Electronics
121,SW-PH10-V3-ZCBHF,License Key 121,Software
122,E-2025-000122,Resistor Pack 122,Electronics
123,SW-PH10-V5-7YGKR,License Key 123,Software
124,E-2025-000124,Resistor Pack 124,Electronics
125,ASM-62493977,Mounting Bracket 125,Mechanical
126,ASM-88019093,Mounting Bracket 126,Mechanical
127,E-2025-000127,Resistor Pack 127,Electronics
128,E-2025-000128,Resistor Pack 128,Electronics
129,MEC-52033802,Mounting Bracket 129,Mechanical
130,E-2025-000130,Resistor Pack 130,Electronics
131,CNC-59616384,Mounting Bracket 131,Mechanical
132,SW-PH10-V3-M69QT,License Key 132,Software
133,E-2025-000133,Resistor Pack 133,Electronics
134,E-2025-000134,Resistor Pack 134,Electronics
135,E-2025-000135,Resistor Pack 135,Electronics
136,E-2025-000136,Resistor Pack 136,Electronics
137,ASM-18864706,Mounting Bracket 137,Mechanical
138,E-2025-000138,Resistor Pack 138,Electronics
139,SW-PH10-V3-PGGJK,License Key 139,Software
140,E-2025-000140,Resistor Pack 140,Electronics
141,SW-VS22-V4-2OKOB,License Key 141,Software
142,E-2025-000142,Resistor Pack 142,Electronics
143,E-2025-000143,Resistor Pack 143,Electronics
144,SW-CS60-V3-IFADY,License Key 144,Software
145,E-2025-000145,Resistor Pack 145,Electronics
146,MEC-64838139,Mounting Bracket 146,Mechanical
147,SW-CS60-V1-6SG12,License Key 147,Software
148,SW-VS22-V5-Q38HO,License Key 148,Software
149,SW-CS60-V4-33FI4,License Key 149,Software
150,E-2025-000150,Resistor Pack 150,Electronics
151,E-2025-000151,Resistor Pack 151,Electronics
152,CNC-37674502,Mounting Bracket 152,Mechanical
153,SW-CS60-V3-W3D94,License Key 153,Software
154,ASM-43428480,Mounting Bracket 154,Mechanical
155,E-2025-000155,Resistor Pack 155,Electronics
156,ASM-27154312,Mounting Bracket 156,Mechanical
157,E-2025-000157,Resistor Pack 157,Electronics
158,MEC-56049574,Mounting Bracket 158,Mechanical
159,SW-PH10-V3-BATI1,License Key 159,Software
160,E-2025-000160,Resistor Pack 160,Electronics
161,CNC-47033085,Mounting Bracket 161,Mechanical
162,SW-CS60-V1-FN4J6,License Key 162,Software
163,SW-CS60-V1-O33A0,License Key 163,Software
164,ASM-54435499,Mounting Bracket 164,Mechanical
165,CNC-46069045,Mounting Bracket 165,Mechanical
166,E-2025-000166,Resistor Pack 166,Electronics
167,SW-PH10-V2-QG8WD,License Key 167,Software
168,CNC-76985561,Mounting Bracket 168,Mechanical
169,MEC-92964077,Mounting Bracket 169,Mechanical
170,SW-VS22-V3-J4W84,License Key 170,Software
171,E-2025-000171,Resistor Pack 171,Electronics
172,E-2025-000172,Resistor Pack 172,Electronics
173,CNC-56179700,Mounting Bracket 173,Mechanical
174,SW-VS22-V2-WY7Q1,License Key 174,Software
175,E-2025-000175,Resistor Pack 175,Electronics
176,E-2025-000176,Resistor Pack 176,Electronics
177,SW-PH10-V3-6M1BW,License Key 177,Software
178,E-2025-000178,Resistor Pack 178,Electronics
179,MEC-10556442,Mounting Bracket 179,Mechanical
180,E-2025-000180,Resistor Pack 180,Electronics
181,E-2025-000181,Resistor Pack 181,Electronics
182,E-2025-000182,Resistor Pack 182,Electronics
183,MEC-84980198,Mounting Bracket 183,Mechanical
184,E-2025-000184,Resistor Pack 184,Electronics
185,MEC-60768528,Mounting Bracket 185,Mechanical
186,E-2025-000186,Resistor Pack 186,Electronics
187,E-2025-000187,Resistor Pack 187,Electronics
188,E-2025-000188,Resistor Pack 188,Electronics
189,E-2025-000189,Resistor Pack 189,Electronics
190,E-2025-000190,Resistor Pack 190,Electronics
191,E-2025-000191,Resistor Pack 191,Electronics
192,E-2025-000192,Resistor Pack 192,Electronics
193,E-2025-000193,Resistor Pack 193,Electronics
194,SW-PH10-V2-D4CIE,License Key 194,Software
195,E-2025-000195,Resistor Pack 195,Electronics
196,E-2025-000196,Resistor Pack 196,Electronics
197,E-2025-000197,Resistor Pack 197,Electronics
198,SW-CS60-V3-KKZ22,License Key 198,Software
199,ASM-21844221,Mounting Bracket 199,Mechanical
200,SW-PH10-V3-81Q24,License Key 200,Software
201,E-2025-000201,Resistor Pack 201,Electronics
202,E-2025-000202,Resistor Pack 202,Electronics
203,MEC-49760389,Mounting Bracket 203,Mechanical
204,E-2025-000204,Resistor Pack 204,Electronics
205,E-2025-000205,Resistor Pack 205,Electronics
206,E-2025-000206,Resistor Pack 206,Electronics
207,CNC-95262612,Mounting Bracket 207,Mechanical
208,CNC-39883867,Mounting Bracket 208,Mechanical
209,ASM-72404621,Mounting Bracket 209,Mechanical
210,CNC-75090353,Mounting Bracket 210,Mechanical
211,E-2025-000211,Resistor Pack 211,Electronics
212,SW-PH10-V4-QT3IT,License Key 212,Software
213,E-2025-000213,Resistor Pack 213,Electronics
214,MEC-97501244,Mounting Bracket 214,Mechanical
215,CNC-16697549,Mounting Bracket 215,Mechanical
216,MEC-46544287,Mounting Bracket 216,Mechanical
217,E-2025-000217,Resistor Pack 217,Electronics
218,E-2025-000218,Resistor Pack 218,Electronics
219,E-2025-000219,Resistor Pack 219,Electronics
220,E-2025-000220,Resistor Pack 220,Electronics
221,E-2025-000221,Resistor Pack 221,Electronics
222,SW-VS22-V5-6FW86,License Key 222,Software
223,E-2025-000223,Resistor Pack 223,Electronics
224,MEC-41041731,Mounting Bracket 224,Mechanical
225,E-2025-000225,Resistor Pack 225,Electronics
226,CNC-88771339,Mounting Bracket 226,Mechanical
227,SW-VS22-V3-W2PBG,License Key 227,Software
228,E-2025-000228,Resistor Pack 228,Electronics
229,SW-VS22-V4-0BP7W,License Key 229,Software
230,E-2025-000230,Resistor Pack 230,Electronics
231,MEC-57903308,Mounting Bracket 231,Mechanical
232,E-2025-000232,Resistor Pack 232,Electronics
233,E-2025-000233,Resistor Pack 233,Electronics
234,E-2025-000234,Resistor Pack 234,Electronics
235,E-2025-000235,Resistor Pack 235,Electronics
236,SW-PH10-V1-74UTZ,License Key 236,Software
237,E-2025-000237,Resistor Pack 237,Electronics
238,E-2025-000238,Resistor Pack 238,Electronics
239,E-2025-000239,Resistor Pack 239,Electronics
240,E-2025-000240,Resistor Pack 240,Electronics
241,E-2025-000241,Resistor Pack 241,Electronics
242,SW-VS22-V5-OEQWN,License Key 242,Software
243,E-2025-000243,Resistor Pack 243,Electronics
244,E-2025-000244,Resistor Pack 244,Electronics
245,E-2025-000245,Resistor Pack 245,Electronics
246,E-2025-000246,Resistor Pack 246,Electronics
247,E-2025-000247,Resistor Pack 247,Electronics
248,E-2025-000248,Resistor Pack 248,Electronics
249,E-2025-000249,Resistor Pack 249,Electronics
250,E-2025-000250,Resistor Pack 250,Electronics
251,E-2025-000251,Resistor Pack 251,Electronics
252,E-2025-000252,Resistor Pack 252,Electronics
253,SW-CS60-V5-RLTAD,License Key 253,Software
254,E-2025-000254,Resistor Pack 254,Electronics
255,E-2025-000255,Resistor Pack 255,Electronics
256,MEC-30309766,Mounting Bracket 256,Mechanical
257,E-2025-000257,Resistor Pack 257,Electronics
258,E-2025-000258,Resistor Pack 258,Electronics
259,E-2025-000259,Resistor Pack 259,Electronics
260,E-2025-000260,Resistor Pack 260,Electronics
261,E-2025-000261,Resistor Pack 261,Electronics
262,E-2025-000262,Resistor Pack 262,Electronics
263,ASM-66960939,Mounting Bracket 263,Mechanical
264,E-2025-000264,Resistor Pack 264,Electronics
265,E-2025-000265,Resistor Pack 265,Electronics
266,MEC-81106680,Mounting Bracket 266,Mechanical
267,E-2025-000267,Resistor Pack 267,Electronics
268,MEC-55035690,Mounting Bracket 268,Mechanical
269,SW-PH10-V3-MDUBK,License Key 269,Software
270,MEC-82235502,Mounting Bracket 270,Mechanical
271,E-2025-000271,Resistor Pack 271,Electronics
272,MEC-57197145,Mounting Bracket 272,Mechanical
273,E-2025-000273,Resistor Pack 273,Electronics
274,ASM-18850642,Mounting Bracket 274,Mechanical
275,E-2025-000275,Resistor Pack 275,Electronics
276,E-2025-000276,Resistor Pack 276,Electronics
277,E-2025-000277,Resistor Pack 277,Electronics
278,E-2025-000278,Resistor Pack 278,Electronics
279,SW-CS60-V1-B3YY1,License Key 279,Software
280,E-2025-000280,Resistor Pack 280,Electronics
281,CNC-66838629,Mounting Bracket 281,Mechanical
282,MEC-18341216,Mounting Bracket 282,Mechanical
283,MEC-45408889,Mounting Bracket 283,Mechanical
284,E-2025-000284,Resistor Pack 284,Electronics
285,E-2025-000285,Resistor Pack 285,Electronics
286,SW-VS22-V4-WH303,License Key 286,Software
287,SW-PH10-V2-BVUQY,License Key 287,Software
288,MEC-76387075,Mounting Bracket 288,Mechanical
289,SW-CS60-V3-CPH8A,License Key 289,Software
290,CNC-88270606,Mounting Bracket 290,Mechanical
291,MEC-35006109,Mounting Bracket 291,Mechanical
292,E-2025-000292,Resistor Pack 292,Electronics
293,E-2025-000293,Resistor Pack 293,Electronics
294,CNC-61718513,Mounting Bracket 294,Mechanical
295,E-2025-000295,Resistor Pack 295,Electronics
296,SW-VS22-V2-F54RY,License Key 296,Software
297,E-2025-000297,Resistor Pack 297,Electronics
298,SW-VS22-V2-6FXQT,License Key 298,Software
299,E-2025-000299,Resistor Pack 299,Electronics
300,E-2025-000300,Resistor Pack 300,Electronics
301,E-2025-000301,Resistor Pack 301,Electronics
302,MEC-39255779,Mounting Bracket 302,Mechanical
303,SW-PH10-V1-PX10X,License Key 303,Software
304,E-2025-000304,Resistor Pack 304,Electronics
305,E-2025-000305,Resistor Pack 305,Electronics
306,MEC-30820010,Mounting Bracket 306,Mechanical
307,E-2025-000307,Resistor Pack 307,Electronics
308,E-2025-000308,Resistor Pack 308,Electronics
309,E-2025-000309,Resistor Pack 309,Electronics
310,E-2025-000310,Resistor Pack 310,Electronics
311,E-2025-000311,Resistor Pack 311,Electronics
312,E-2025-000312,Resistor Pack 312,Electronics
313,E-2025-000313,Resistor Pack 313,Electronics
314,E-2025-000314,Resistor Pack 314,Electronics
315,E-2025-000315,Resistor Pack 315,Electronics
316,E-2025-000316,Resistor Pack 316,Electronics
317,SW-VS22-V2-48OHR,License Key 317,Software
318,ASM-42308683,Mounting Bracket 318,Mechanical
319,E-2025-000319,Resistor Pack 319,Electronics
320,E-2025-000320,Resistor Pack 320,Electronics
321,E-2025-000321,Resistor Pack 321,Electronics
322,MEC-51013106,Mounting Bracket 322,Mechanical
323,E-2025-000323,Resistor Pack 323,Electronics
324,E-2025-000324,Resistor Pack 324,Electronics
325,SW-CS60-V1-Y0ZT8,License Key 325,Software
326,SW-PH10-V2-SB309,License Key 326,Software
327,CNC-70395527,Mounting Bracket 327,Mechanical
328,E-2025-000328,Resistor Pack 328,Electronics
329,E-2025-000329,Resistor Pack 329,Electronics
330,E-2025-000330,Resistor Pack 330,Electronics
331,E-2025-000331,Resistor Pack 331,Electronics
332,ASM-35769744,Mounting Bracket 332,Mechanical
333,E-2025-000333,Resistor Pack 333,Electronics
334,E-2025-000334,Resistor Pack 334,Electronics
335,SW-PH10-V3-L6GA0,License Key 335,Software
336,ASM-90844643,Mounting Bracket 336,Mechanical
337,E-2025-000337,Resistor Pack 337,Electronics
338,CNC-45556662,Mounting Bracket 338,Mechanical
339,E-2025-000339,Resistor Pack 339,Electronics
340,E-2025-000340,Resistor Pack 340,Electronics
341,MEC-38402886,Mounting Bracket 341,Mechanical
342,SW-CS60-V3-OSXZ6,License Key 342,Software
343,SW-PH10-V1-3ZHLE,License Key 343,Software
344,E-2025-000344,Resistor Pack 344,Electronics
345,E-2025-000345,Resistor Pack 345,Electronics
346,MEC-26677305,Mounting Bracket 346,Mechanical
347,SW-VS22-V4-TYFOZ,License Key 347,Software
348,SW-CS60-V1-Z6415,License Key 348,Software
349,MEC-53347760,Mounting Bracket 349,Mechanical
350,E-2025-000350,Resistor Pack 350,Electronics
351,MEC-17293481,Mounting Bracket 351,Mechanical
352,E-2025-000352,Resistor Pack 352,Electronics
353,E-2025-000353,Resistor Pack 353,Electronics
354,MEC-49799833,Mounting Bracket 354,Mechanical
355,ASM-73130005,Mounting Bracket 355,Mechanical
356,E-2025-000356,Resistor Pack 356,Electronics
357,E-2025-000357,Resistor Pack 357,Electronics
358,SW-PH10-V5-1X8IY,License Key 358,Software
359,E-2025-000359,Resistor Pack 359,Electronics
360,SW-PH10-V5-YL9EZ,License Key 360,Software
361,SW-VS22-V1-3UZKD,License Key 361,Software
362,CNC-96129179,Mounting Bracket 362,Mechanical
363,SW-VS22-V2-QTGRY,License Key 363,Software
364,E-2025-000364,Resistor Pack 364,Electronics
365,E-2025-000365,Resistor Pack 365,Electronics
366,CNC-58448131,Mounting Bracket 366,Mechanical
367,E-2025-000367,Resistor Pack 367,Electronics
368,E-2025-000368,Resistor Pack 368,Electronics
369,E-2025-000369,Resistor Pack 369,Electronics
370,SW-PH10-V2-TJ2I1,License Key 370,Software
371,E-2025-000371,Resistor Pack 371,Electronics
372,E-2025-000372,Resistor Pack 372,Electronics
373,E-2025-000373,Resistor Pack 373,Electronics
374,CNC-91674386,Mounting Bracket 374,Mechanical
375,MEC-41710210,Mounting Bracket 375,Mechanical
376,E-2025-000376,Resistor Pack 376,Electronics
377,CNC-26598042,Mounting Bracket 377,Mechanical
378,ASM-12405541,Mounting Bracket 378,Mechanical
379,E-2025-000379,Resistor Pack 379,Electronics
380,MEC-53014772,Mounting Bracket 380,Mechanical
381,E-2025-000381,Resistor Pack 381,Electronics
382,E-2025-000382,Resistor Pack 382,Electronics
383,MEC-88931635,Mounting Bracket 383,Mechanical
384,E-2025-000384,Resistor Pack 384,Electronics
385,E-2025-000385,Resistor Pack 385,Electronics
386,E-2025-000386,Resistor Pack 386,Electronics
387,CNC-65969371,Mounting Bracket 387,Mechanical
388,E-2025-000388,Resistor Pack 388,Electronics
389,E-2025-000389,Resistor Pack 389,Electronics
390,E-2025-000390,Resistor Pack 390,Electronics
391,E-2025-000391,Resistor Pack 391,Electronics
392,E-2025-000392,Resistor Pack 392,Electronics
393,SW-PH10-V1-NY8YI,License Key 393,Software
394,E-2025-000394,Resistor Pack 394,Electronics
395,MEC-66849549,Mounting Bracket 395,Mechanical
396,E-2025-000396,Resistor Pack 396,Electronics
397,MEC-49738867,Mounting Bracket 397,Mechanical
398,MEC-19264643,Mounting Bracket 398,Mechanical
399,E-2025-000399,Resistor Pack 399,Electronics
400,E-2025-000400,Resistor Pack 400,Electronics
401,MEC-50110741,Mounting Bracket 401,Mechanical
402,E-2025-000402,Resistor Pack 402,Electronics
403,SW-PH10-V2-50IF0,License Key 403,Software
404,E-2025-000404,Resistor Pack 404,Electronics
405,E-2025-000405,Resistor Pack 405,Electronics
406,ASM-62814692,Mounting Bracket 406,Mechanical
407,E-2025-000407,Resistor Pack 407,Electronics
408,ASM-96701882,Mounting Bracket 408,Mechanical
409,CNC-43545612,Mounting Bracket 409,Mechanical
410,SW-VS22-V2-2YFF6,License Key 410,Software
411,SW-CS60-V1-WD4A3,License Key 411,Software
412,SW-VS22-V2-T02VS,License Key 412,Software
413,E-2025-000413,Resistor Pack 413,Electronics
414,E-2025-000414,Resistor Pack 414,Electronics
415,MEC-31584929,Mounting Bracket 415,Mechanical
416,SW-PH10-V5-9DKUQ,License Key 416,Software
417,SW-PH10-V4-V9RUK,License Key 417,Software
418,CNC-70841006,Mounting Bracket 418,Mechanical
419,E-2025-000419,Resistor Pack 419,Electronics
420,E-2025-000420,Resistor Pack 420,Electronics
421,E-2025-000421,Resistor Pack 421,Electronics
422,E-2025-000422,Resistor Pack 422,Electronics
423,ASM-99572975,Mounting Bracket 423,Mechanical
424,E-2025-000424,Resistor Pack 424,Electronics
425,E-2025-000425,Resistor Pack 425,Electronics
426,SW-CS60-V5-SQ692,License Key 426,Software
427,SW-PH10-V5-C5NEG,License Key 427,Software
428,E-2025-000428,Resistor Pack 428,Electronics
429,E-2025-000429,Resistor Pack 429,Electronics
430,E-2025-000430,Resistor Pack 430,Electronics
431,ASM-73112047,Mounting Bracket 431,Mechanical
432,E-2025-000432,Resistor Pack 432,Electronics
433,E-2025-000433,Resistor Pack 433,Electronics
434,E-2025-000434,Resistor Pack 434,Electronics
435,CNC-47086574,Mounting Bracket 435,Mechanical
436,ASM-69357835,Mounting Bracket 436,Mechanical
437,E-2025-000437,Resistor Pack 437,Electronics
438,CNC-68442245,Mounting Bracket 438,Mechanical
439,E-2025-000439,Resistor Pack 439,Electronics
440,E-2025-000440,Resistor Pack 440,Electronics
441,E-2025-000441,Resistor Pack 441,Electronics
442,ASM-86946886,Mounting Bracket 442,Mechanical
443,ASM-49579063,Mounting Bracket 443,Mechanical
444,SW-CS60-V5-CWRB9,License Key 444,Software
445,E-2025-000445,Resistor Pack 445,Electronics
446,E-2025-000446,Resistor Pack 446,Electronics
447,ASM-42432006,Mounting Bracket 447,Mechanical
448,E-2025-000448,Resistor Pack 448,Electronics
449,CNC-67520007,Mounting Bracket 449,Mechanical
450,E-2025-000450,Resistor Pack 450,Electronics
451,CNC-23712968,Mounting Bracket 451,Mechanical
452,E-2025-000452,Resistor Pack 452,Electronics
453,E-2025-000453,Resistor Pack 453,Electronics
454,E-2025-000454,Resistor Pack 454,Electronics
455,E-2025-000455,Resistor Pack 455,Electronics
456,E-2025-000456,Resistor Pack 456,Electronics
457,MEC-63568519,Mounting Bracket 457,Mechanical
458,MEC-75013850,Mounting Bracket 458,Mechanical
459,SW-PH10-V3-JJLQT,License Key 459,Software
460,ASM-63284924,Mounting Bracket 460,Mechanical
461,MEC-57853626,Mounting Bracket 461,Mechanical
462,E-2025-000462,Resistor Pack 462,Electronics
463,E-2025-000463,Resistor Pack 463,Electronics
464,E-2025-000464,Resistor Pack 464,Electronics
465,E-2025-000465,Resistor Pack 465,Electronics
466,SW-VS22-V3-PTKVM,License Key 466,Software
467,MEC-96868451,Mounting Bracket 467,Mechanical
468,E-2025-000468,Resistor Pack 468,Electronics
469,E-2025-000469,Resistor Pack 469,Electronics
470,E-2025-000470,Resistor Pack 470,Electronics
471,MEC-21354652,Mounting Bracket 471,Mechanical
472,ASM-23315053,Mounting Bracket 472,Mechanical
473,E-2025-000473,Resistor Pack 473,Electronics
474,SW-VS22-V2-TGM7H,License Key 474,Software
475,E-2025-000475,Resistor Pack 475,Electronics
476,SW-VS22-V4-69CMT,License Key 476,Software
477,SW-VS22-V4-39AUR,License Key 477,Software
478,E-2025-000478,Resistor Pack 478,Electronics
479,E-2025-000479,Resistor Pack 479,Electronics
480,E-2025-000480,Resistor Pack 480,Electronics
481,MEC-34937546,Mounting Bracket 481,Mechanical
482,E-2025-000482,Resistor Pack 482,Electronics
483,MEC-69926146,Mounting Bracket 483,Mechanical
484,MEC-89724933,Mounting Bracket 484,Mechanical
485,E-2025-000485,Resistor Pack 485,Electronics
486,CNC-83042695,Mounting Bracket 486,Mechanical
487,E-2025-000487,Resistor Pack 487,Electronics
488,E-2025-000488,Resistor Pack 488,Electronics
489,CNC-26313568,Mounting Bracket 489,Mechanical
490,E-2025-000490,Resistor Pack 490,Electronics
491,E-2025-000491,Resistor Pack 491,Electronics
492,E-2025-000492,Resistor Pack 492,Electronics
493,SW-VS22-V5-503QG,License Key 493,Software
494,E-2025-000494,Resistor Pack 494,Electronics
495,E-2025-000495,Resistor Pack 495,Electronics
496,E-2025-000496,Resistor Pack 496,Electronics
497,E-2025-000497,Resistor Pack 497,Electronics
498,CNC-80708633,Mounting Bracket 498,Mechanical
499,CNC-28469414,Mounting Bracket 499,Mechanical
500,E-2025-000500,Resistor Pack 500,Electronics
501,MEC-16665336,Mounting Bracket 501,Mechanical
502,CNC-66944449,Mounting Bracket 502,Mechanical
503,E-2025-000503,Resistor Pack 503,Electronics
504,ASM-82622180,Mounting Bracket 504,Mechanical
505,ASM-39478802,Mounting Bracket 505,Mechanical
506,E-2025-000506,Resistor Pack 506,Electronics
507,E-2025-000507,Resistor Pack 507,Electronics
508,CNC-66919838,Mounting Bracket 508,Mechanical
509,SW-CS60-V4-DN5QW,License Key 509,Software
510,SW-VS22-V1-QW8MA,License Key 510,Software
511,E-2025-000511,Resistor Pack 511,Electronics
512,E-2025-000512,Resistor Pack 512,Electronics
513,E-2025-000513,Resistor Pack 513,Electronics
514,MEC-45066753,Mounting Bracket 514,Mechanical
515,SW-PH10-V5-AQTAA,License Key 515,Software
516,E-2025-000516,Resistor Pack 516,Electronics
517,E-2025-000517,Resistor Pack 517,Electronics
518,E-2025-000518,Resistor Pack 518,Electronics
519,E-2025-000519,Resistor Pack 519,Electronics
520,CNC-33011364,Mounting Bracket 520,Mechanical
521,CNC-90588776,Mounting Bracket 521,Mechanical
522,ASM-72758024,Mounting Bracket 522,Mechanical
523,MEC-52661444,Mounting Bracket 523,Mechanical
524,ASM-26691980,Mounting Bracket 524,Mechanical
525,SW-CS60-V2-L3MP1,License Key 525,Software
526,E-2025-000526,Resistor Pack 526,Electronics
527,ASM-63035663,Mounting Bracket 527,Mechanical
528,E-2025-000528,Resistor Pack 528,Electronics
529,MEC-40073234,Mounting Bracket 529,Mechanical
530,ASM-31573902,Mounting Bracket 530,Mechanical
531,SW-CS60-V1-XOW0L,License Key 531,Software
532,MEC-33726031,Mounting Bracket 532,Mechanical
533,SW-PH10-V4-4U2J9,License Key 533,Software
534,E-2025-000534,Resistor Pack 534,Electronics
535,MEC-19009348,Mounting Bracket 535,Mechanical
536,E-2025-000536,Resistor Pack 536,Electronics
537,SW-VS22-V5-33QQ7,License Key 537,Software
538,E-2025-000538,Resistor Pack 538,Electronics
539,E-2025-000539,Resistor Pack 539,Electronics
540,SW-CS60-V4-UF7B6,License Key 540,Software
541,E-2025-000541,Resistor Pack 541,Electronics
542,E-2025-000542,Resistor Pack 542,Electronics
543,SW-PH10-V4-TSQAC,License Key 543,Software
544,E-2025-000544,Resistor Pack 544,Electronics
545,ASM-56467300,Mounting Bracket 545,Mechanical
546,SW-CS60-V2-D1CHZ,License Key 546,Software
547,E-2025-000547,Resistor Pack 547,Electronics
548,MEC-25004053,Mounting Bracket 548,Mechanical
549,CNC-72521937,Mounting Bracket 549,Mechanical
550,ASM-50597511,Mounting Bracket 550,Mechanical
551,E-2025-000551,Resistor Pack 551,Electronics
552,E-2025-000552,Resistor Pack 552,Electronics
553,CNC-95417581,Mounting Bracket 553,Mechanical
554,E-2025-000554,Resistor Pack 554,Electronics
555,CNC-39061920,Mounting Bracket 555,Mechanical
556,E-2025-000556,Resistor Pack 556,Electronics
557,SW-CS60-V1-0VWYZ,License Key 557,Software
558,MEC-55012092,Mounting Bracket 558,Mechanical
559,ASM-98600784,Mounting Bracket 559,Mechanical
560,SW-CS60-V4-JNHGS,License Key 560,Software
561,SW-PH10-V3-L1BWF,License Key 561,Software
562,SW-PH10-V4-VOCP8,License Key 562,Software
563,E-2025-000563,Resistor Pack 563,Electronics
564,CNC-80613741,Mounting Bracket 564,Mechanical
565,CNC-99694123,Mounting Bracket 565,Mechanical
566,ASM-67419892,Mounting Bracket 566,Mechanical
567,SW-CS60-V1-1FF3I,License Key 567,Software
568,ASM-68436698,Mounting Bracket 568,Mechanical
569,E-2025-000569,Resistor Pack 569,Electronics
570,MEC-35249299,Mounting Bracket 570,Mechanical
571,E-2025-000571,Resistor Pack 571,Electronics
572,ASM-94249400,Mounting Bracket 572,Mechanical
573,CNC-35930487,Mounting Bracket 573,Mechanical
574,E-2025-000574,Resistor Pack 574,Electronics
575,E-2025-000575,Resistor Pack 575,Electronics
576,SW-VS22-V5-GPB5J,License Key 576,Software
577,MEC-94322153,Mounting Bracket 577,Mechanical
578,SW-PH10-V1-2KTF3,License Key 578,Software
579,E-2025-000579,Resistor Pack 579,Electronics
580,E-2025-000580,Resistor Pack 580,Electronics
581,SW-PH10-V1-485DK,License Key 581,Software
582,SW-VS22-V5-UFF68,License Key 582,Software
583,E-2025-000583,Resistor Pack 583,Electronics
584,E-2025-000584,Resistor Pack 584,Electronics
585,ASM-94822525,Mounting Bracket 585,Mechanical
586,SW-PH10-V5-1PO96,License Key 586,Software
587,E-2025-000587,Resistor Pack 587,Electronics
588,E-2025-000588,Resistor Pack 588,Electronics
589,ASM-69475663,Mounting Bracket 589,Mechanical
590,SW-CS60-V1-ZLXRR,License Key 590,Software
591,SW-CS60-V4-0WXU7,License Key 591,Software
592,CNC-47449770,Mounting Bracket 592,Mechanical
593,CNC-32728491,Mounting Bracket 593,Mechanical
594,E-2025-000594,Resistor Pack 594,Electronics
595,E-2025-000595,Resistor Pack 595,Electronics
596,E-2025-000596,Resistor Pack 596,Electronics
597,E-2025-000597,Resistor Pack 597,Electronics
598,SW-CS60-V2-RKY08,License Key 598,Software
599,MEC-84154246,Mounting Bracket 599,Mechanical
600,E-2025-000600,Resistor Pack 600,Electronics
601,E-2025-000601,Resistor Pack 601,Electronics
602,MEC-41145172,Mounting Bracket 602,Mechanical
603,SW-VS22-V2-FEYH0,License Key 603,Software
604,E-2025-000604,Resistor Pack 604,Electronics
605,SW-CS60-V1-32PIC,License Key 605,Software
606,E-2025-000606,Resistor Pack 606,Electronics
607,CNC-31180600,Mounting Bracket 607,Mechanical
608,ASM-89641650,Mounting Bracket 608,Mechanical
609,ASM-46345408,Mounting Bracket 609,Mechanical
610,E-2025-000610,Resistor Pack 610,Electronics
611,E-2025-000611,Resistor Pack 611,Electronics
612,E-2025-000612,Resistor Pack 612,Electronics
613,E-2025-000613,Resistor Pack 613,Electronics
614,E-2025-000614,Resistor Pack 614,Electronics
615,MEC-64915043,Mounting Bracket 615,Mechanical
616,SW-VS22-V5-YKW8Q,License Key 616,Software
617,E-2025-000617,Resistor Pack 617,Electronics
618,MEC-26382376,Mounting Bracket 618,Mechanical
619,SW-CS60-V3-CUCXY,License Key 619,Software
620,E-2025-000620,Resistor Pack 620,Electronics
621,E-2025-000621,Resistor Pack 621,Electronics
622,SW-CS60-V3-V84VL,License Key 622,Software
623,E-2025-000623,Resistor Pack 623,Electronics
624,E-2025-000624,Resistor Pack 624,Electronics
625,E-2025-000625,Resistor Pack 625,Electronics
626,CNC-53300517,Mounting Bracket 626,Mechanical
627,ASM-97069978,Mounting Bracket 627,Mechanical
628,SW-PH10-V2-FO2IA,License Key 628,Software
629,E-2025-000629,Resistor Pack 629,Electronics
630,SW-VS22-V2-MVBEO,License Key 630,Software
631,E-2025-000631,Resistor Pack 631,Electronics
632,MEC-62766703,Mounting Bracket 632,Mechanical
633,E-2025-000633,Resistor Pack 633,Electronics
634,SW-VS22-V3-2WZAG,License Key 634,Software
635,CNC-92017687,Mounting Bracket 635,Mechanical
636,CNC-78611389,Mounting Bracket 636,Mechanical
637,E-2025-000637,Resistor Pack 637,Electronics
638,SW-VS22-V1-PRABU,License Key 638,Software
639,SW-PH10-V4-V5HDP,License Key 639,Software
640,E-2025-000640,Resistor Pack 640,Electronics
641,E-2025-000641,Resistor Pack 641,Electronics
642,E-2025-000642,Resistor Pack 642,Electronics
643,CNC-87809829,Mounting Bracket 643,Mechanical
644,SW-PH10-V4-9KSZ8,License Key 644,Software
645,E-2025-000645,Resistor Pack 645,Electronics
646,E-2025-000646,Resistor Pack 646,Electronics
647,E-2025-000647,Resistor Pack 647,Electronics
648,ASM-40011624,Mounting Bracket 648,Mechanical
649,E-2025-000649,Resistor Pack 649,Electronics
650,MEC-33136254,Mounting Bracket 650,Mechanical
651,ASM-95443712,Mounting Bracket 651,Mechanical
652,SW-CS60-V4-J4RN8,License Key 652,Software
653,MEC-93938137,Mounting Bracket 653,Mechanical
654,CNC-36272775,Mounting Bracket 654,Mechanical
655,SW-PH10-V5-NG2BK,License Key 655,Software
656,E-2025-000656,Resistor Pack 656,Electronics
657,MEC-67339015,Mounting Bracket 657,Mechanical
658,E-2025-000658,Resistor Pack 658,Electronics
659,SW-CS60-V3-3M0M6,License Key 659,Software
660,CNC-30444529,Mounting Bracket 660,Mechanical
661,E-2025-000661,Resistor Pack 661,Electronics
662,SW-CS60-V4-TA7LI,License Key 662,Software
663,SW-VS22-V5-V4V24,License Key 663,Software
664,SW-PH10-V4-KSJ8M,License Key 664,Software
665,CNC-84108574,Mounting Bracket 665,Mechanical
666,CNC-32607431,Mounting Bracket 666,Mechanical
667,SW-CS60-V3-VYHS4,License Key 667,Software
668,E-2025-000668,Resistor Pack 668,Electronics
669,E-2025-000669,Resistor Pack 669,Electronics
670,E-2025-000670,Resistor Pack 670,Electronics
671,E-2025-000671,Resistor Pack 671,Electronics
672,E-2025-000672,Resistor Pack 672,Electronics
673,E-2025-000673,Resistor Pack 673,Electronics
674,SW-CS60-V5-XY2CJ,License Key 674,Software
675,MEC-29504109,Mounting Bracket 675,Mechanical
676,E-2025-000676,Resistor Pack 676,Electronics
677,E-2025-000677,Resistor Pack 677,Electronics
678,MEC-42979107,Mounting Bracket 678,Mechanical
679,SW-CS60-V1-VPCOE,License Key 679,Software
680,E-2025-000680,Resistor Pack 680,Electronics
681,SW-VS22-V2-VUS2R,License Key 681,Software
682,E-2025-000682,Resistor Pack 682,Electronics
683,E-2025-000683,Resistor Pack 683,Electronics
684,ASM-18621698,Mounting Bracket 684,Mechanical
685,E-2025-000685,Resistor Pack 685,Electronics
686,E-2025-000686,Resistor Pack 686,Electronics
687,SW-VS22-V5-T4L3P,License Key 687,Software
688,E-2025-000688,Resistor Pack 688,Electronics
689,E-2025-000689,Resistor Pack 689,Electronics
690,E-2025-000690,Resistor Pack 690,Electronics
691,E-2025-000691,Resistor Pack 691,Electronics
692,E-2025-000692,Resistor Pack 692,Electronics
693,E-2025-000693,Resistor Pack 693,Electronics
694,ASM-96741512,Mounting Bracket 694,Mechanical
695,SW-PH10-V5-NYXNI,License Key 695,Software
696,MEC-60095443,Mounting Bracket 696,Mechanical
697,E-2025-000697,Resistor Pack 697,Electronics
698,ASM-18619449,Mounting Bracket 698,Mechanical
699,SW-CS60-V2-TDMGS,License Key 699,Software
700,E-2025-000700,Resistor Pack 700,Electronics
701,ASM-53877412,Mounting Bracket 701,Mechanical
702,E-2025-000702,Resistor Pack 702,Electronics
703,E-2025-000703,Resistor Pack 703,Electronics
704,E-2025-000704,Resistor Pack 704,Electronics
705,CNC-85726729,Mounting Bracket 705,Mechanical
706,E-2025-000706,Resistor Pack 706,Electronics
707,CNC-43710165,Mounting Bracket 707,Mechanical
708,E-2025-000708,Resistor Pack 708,Electronics
709,E-2025-000709,Resistor Pack 709,Electronics
710,E-2025-000710,Resistor Pack 710,Electronics
711,E-2025-000711,Resistor Pack 711,Electronics
712,E-2025-000712,Resistor Pack 712,Electronics
713,E-2025-000713,Resistor Pack 713,Electronics
714,MEC-31384107,Mounting Bracket 714,Mechanical
715,MEC-24483555,Mounting Bracket 715,Mechanical
716,MEC-12275703,Mounting Bracket 716,Mechanical
717,E-2025-000717,Resistor Pack 717,Electronics
718,MEC-43096275,Mounting Bracket 718,Mechanical
719,MEC-65069750,Mounting Bracket 719,Mechanical
720,E-2025-000720,Resistor Pack 720,Electronics
721,SW-VS22-V3-FF2SP,License Key 721,Software
722,CNC-50142070,Mounting Bracket 722,Mechanical
723,SW-VS22-V5-YE8F6,License Key 723,Software
724,E-2025-000724,Resistor Pack 724,Electronics
725,SW-PH10-V3-E288F,License Key 725,Software
726,CNC-21880079,Mounting Bracket 726,Mechanical
727,CNC-43865355,Mounting Bracket 727,Mechanical
728,E-2025-000728,Resistor Pack 728,Electronics
729,SW-VS22-V4-9TAIM,License Key 729,Software
730,SW-VS22-V5-ANIU0,License Key 730,Software
731,ASM-91022496,Mounting Bracket 731,Mechanical
732,E-2025-000732,Resistor Pack 732,Electronics
733,E-2025-000733,Resistor Pack 733,Electronics
734,E-2025-000734,Resistor Pack 734,Electronics
735,E-2025-000735,Resistor Pack 735,Electronics
736,E-2025-000736,Resistor Pack 736,Electronics
737,CNC-97197495,Mounting Bracket 737,Mechanical
738,SW-CS60-V4-VWWBH,License Key 738,Software
739,ASM-90720564,Mounting Bracket 739,Mechanical
740,E-2025-000740,Resistor Pack 740,Electronics
741,E-2025-000741,Resistor Pack 741,Electronics
742,SW-CS60-V1-Q96A1,License Key 742,Software
743,E-2025-000743,Resistor Pack 743,Electronics
744,E-2025-000744,Resistor Pack 744,Electronics
745,E-2025-000745,Resistor Pack 745,Electronics
746,ASM-12775680,Mounting Bracket 746,Mechanical
747,SW-VS22-V5-TNUTM,License Key 747,Software
748,MEC-73632903,Mounting Bracket 748,Mechanical
749,MEC-38546313,Mounting Bracket 749,Mechanical
750,ASM-80377034,Mounting Bracket 750,Mechanical
751,E-2025-000751,Resistor Pack 751,Electronics
752,MEC-78913011,Mounting Bracket 752,Mechanical
753,ASM-30957614,Mounting Bracket 753,Mechanical
754,ASM-47900952,Mounting Bracket 754,Mechanical
755,E-2025-000755,Resistor Pack 755,Electronics
756,E-2025-000756,Resistor Pack 756,Electronics
757,E-2025-000757,Resistor Pack 757,Electronics
758,MEC-26621925,Mounting Bracket 758,Mechanical
759,SW-PH10-V5-27O4W,License Key 759,Software
760,E-2025-000760,Resistor Pack 760,Electronics
761,CNC-93053573,Mounting Bracket 761,Mechanical
762,E-2025-000762,Resistor Pack 762,Electronics
763,E-2025-000763,Resistor Pack 763,Electronics
764,E-2025-000764,Resistor Pack 764,Electronics
765,SW-PH10-V5-X2VPY,License Key 765,Software
766,E-2025-000766,Resistor Pack 766,Electronics
767,E-2025-000767,Resistor Pack 767,Electronics
768,E-2025-000768,Resistor Pack 768,Electronics
769,E-2025-000769,Resistor Pack 769,Electronics
770,ASM-52327059,Mounting Bracket 770,Mechanical
771,E-2025-000771,Resistor Pack 771,Electronics
772,E-2025-000772,Resistor Pack 772,Electronics
773,E-2025-000773,Resistor Pack 773,Electronics
774,E-2025-000774,Resistor Pack 774,Electronics
775,SW-VS22-V2-JP4EP,License Key 775,Software
776,E-2025-000776,Resistor Pack 776,Electronics
777,SW-VS22-V2-VUHJ5,License Key 777,Software
778,SW-PH10-V2-ONYJG,License Key 778,Software
779,SW-PH10-V5-9KFPR,License Key 779,Software
780,E-2025-000780,Resistor Pack 780,Electronics
781,E-2025-000781,Resistor Pack 781,Electronics
782,CNC-14847285,Mounting Bracket 782,Mechanical
783,E-2025-000783,Resistor Pack 783,Electronics
784,E-2025-000784,Resistor Pack 784,Electronics
785,E-2025-000785,Resistor Pack 785,Electronics
786,SW-CS60-V5-K0Z7W,License Key 786,Software
787,SW-CS60-V5-3NW72,License Key 787,Software
788,SW-VS22-V4-KTAUF,License Key 788,Software
789,E-2025-000789,Resistor Pack 789,Electronics
790,E-2025-000790,Resistor Pack 790,Electronics
791,CNC-55479638,Mounting Bracket 791,Mechanical
792,E-2025-000792,Resistor Pack 792,Electronics
793,MEC-67468730,Mounting Bracket 793,Mechanical
794,SW-PH10-V3-4IY3Q,License Key 794,Software
795,CNC-81878453,Mounting Bracket 795,Mechanical
796,E-2025-000796,Resistor Pack 796,Electronics
797,SW-VS22-V4-N6DAO,License Key 797,Software
798,ASM-30524128,Mounting Bracket 798,Mechanical
799,E-2025-000799,Resistor Pack 799,Electronics
800,E-2025-000800,Resistor Pack 800,Electronics
801,E-2025-000801,Resistor Pack 801,Electronics
802,MEC-82515199,Mounting Bracket 802,Mechanical
803,SW-CS60-V5-13TWR,License Key 803,Software
804,SW-VS22-V1-RPW3H,License Key 804,Software
805,ASM-99795517,Mounting Bracket 805,Mechanical
806,E-2025-000806,Resistor Pack 806,Electronics
807,SW-VS22-V4-K7DKX,License Key 807,Software
808,E-2025-000808,Resistor Pack 808,Electronics
809,MEC-68040076,Mounting Bracket 809,Mechanical
810,E-2025-000810,Resistor Pack 810,Electronics
811,E-2025-000811,Resistor Pack 811,Electronics
812,E-2025-000812,Resistor Pack 812,Electronics
813,E-2025-000813,Resistor Pack 813,Electronics
814,MEC-57659751,Mounting Bracket 814,Mechanical
815,CNC-45560407,Mounting Bracket 815,Mechanical
816,E-2025-000816,Resistor Pack 816,Electronics
817,E-2025-000817,Resistor Pack 817,Electronics
818,ASM-68939165,Mounting Bracket 818,Mechanical
819,E-2025-000819,Resistor Pack 819,Electronics
820,SW-PH10-V4-2ZZN3,License Key 820,Software
821,MEC-90298303,Mounting Bracket 821,Mechanical
822,SW-PH10-V2-K6OB6,License Key 822,Software
823,E-2025-000823,Resistor Pack 823,Electronics
824,E-2025-000824,Resistor Pack 824,Electronics
825,E-2025-000825,Resistor Pack 825,Electronics
826,SW-CS60-V4-BW67F,License Key 826,Software
827,E-2025-000827,Resistor Pack 827,Electronics
828,E-2025-000828,Resistor Pack 828,Electronics
829,E-2025-000829,Resistor Pack 829,Electronics
830,E-2025-000830,Resistor Pack 830,Electronics
831,E-2025-000831,Resistor Pack 831,Electronics
832,E-2025-000832,Resistor Pack 832,Electronics
833,E-2025-000833,Resistor Pack 833,Electronics
834,E-2025-000834,Resistor Pack 834,Electronics
835,E-2025-000835,Resistor Pack 835,Electronics
836,E-2025-000836,Resistor Pack 836,Electronics
837,E-2025-000837,Resistor Pack 837,Electronics
838,SW-CS60-V3-D3BB8,License Key 838,Software
839,E-2025-000839,Resistor Pack 839,Electronics
840,E-2025-000840,Resistor Pack 840,Electronics
841,E-2025-000841,Resistor Pack 841,Electronics
842,E-2025-000842,Resistor Pack 842,Electronics
843,E-2025-000843,Resistor Pack 843,Electronics
844,ASM-59841948,Mounting Bracket 844,Mechanical
845,E-2025-000845,Resistor Pack 845,Electronics
846,E-2025-000846,Resistor Pack 846,Electronics
847,CNC-45162211,Mounting Bracket 847,Mechanical
848,E-2025-000848,Resistor Pack 848,Electronics
849,MEC-73275377,Mounting Bracket 849,Mechanical
850,E-2025-000850,Resistor Pack 850,Electronics
851,MEC-76625905,Mounting Bracket 851,Mechanical
852,MEC-18689026,Mounting Bracket 852,Mechanical
853,CNC-93614512,Mounting Bracket 853,Mechanical
854,E-2025-000854,Resistor Pack 854,Electronics
855,CNC-98115180,Mounting Bracket 855,Mechanical
856,MEC-39005059,Mounting Bracket 856,Mechanical
857,E-2025-000857,Resistor Pack 857,Electronics
858,SW-PH10-V5-T70HN,License Key 858,Software
859,CNC-42973288,Mounting Bracket 859,Mechanical
860,ASM-74189938,Mounting Bracket 860,Mechanical
861,CNC-86124205,Mounting Bracket 861,Mechanical
862,CNC-78905334,Mounting Bracket 862,Mechanical
863,E-2025-000863,Resistor Pack 863,Electronics
864,MEC-38539526,Mounting Bracket 864,Mechanical
865,E-2025-000865,Resistor Pack 865,Electronics
866,SW-PH10-V1-JPHWR,License Key 866,Software
867,ASM-34163362,Mounting Bracket 867,Mechanical
868,MEC-74604039,Mounting Bracket 868,Mechanical
869,MEC-87629138,Mounting Bracket 869,Mechanical
870,E-2025-000870,Resistor Pack 870,Electronics
871,E-2025-000871,Resistor Pack 871,Electronics
872,SW-CS60-V2-JS0JZ,License Key 872,Software
873,E-2025-000873,Resistor Pack 873,Electronics
874,CNC-61402465,Mounting Bracket 874,Mechanical
875,SW-VS22-V5-HV0YB,License Key 875,Software
876,MEC-29172419,Mounting Bracket 876,Mechanical
877,CNC-16982235,Mounting Bracket 877,Mechanical
878,CNC-48384570,Mounting Bracket 878,Mechanical
879,E-2025-000879,Resistor Pack 879,Electronics
880,E-2025-000880,Resistor Pack 880,Electronics
881,SW-CS60-V3-F5RU7,License Key 881,Software
882,E-2025-000882,Resistor Pack 882,Electronics
883,SW-CS60-V2-1SYR0,License Key 883,Software
884,E-2025-000884,Resistor Pack 884,Electronics
885,MEC-21871199,Mounting Bracket 885,Mechanical
886,MEC-55365206,Mounting Bracket 886,Mechanical
887,E-2025-000887,Resistor Pack 887,Electronics
888,E-2025-000888,Resistor Pack 888,Electronics
889,SW-VS22-V5-R0E3L,License Key 889,Software
890,E-2025-000890,Resistor Pack 890,Electronics
891,E-2025-000891,Resistor Pack 891,Electronics
892,E-2025-000892,Resistor Pack 892,Electronics
893,MEC-60086110,Mounting Bracket 893,Mechanical
894,E-2025-000894,Resistor Pack 894,Electronics
895,E-2025-000895,Resistor Pack 895,Electronics
896,SW-VS22-V4-MY4JJ,License Key 896,Software
897,SW-VS22-V4-U9GGS,License Key 897,Software
898,E-2025-000898,Resistor Pack 898,Electronics
899,SW-PH10-V3-SLT2L,License Key 899,Software
900,E-2025-000900,Resistor Pack 900,Electronics
901,MEC-47535863,Mounting Bracket 901,Mechanical
902,SW-PH10-V1-B5FAV,License Key 902,Software
903,E-2025-000903,Resistor Pack 903,Electronics
904,E-2025-000904,Resistor Pack 904,Electronics
905,CNC-18216210,Mounting Bracket 905,Mechanical
906,E-2025-000906,Resistor Pack 906,Electronics
907,E-2025-000907,Resistor Pack 907,Electronics
908,E-2025-000908,Resistor Pack 908,Electronics
909,E-2025-000909,Resistor Pack 909,Electronics
910,E-2025-000910,Resistor Pack 910,Electronics
911,SW-PH10-V5-7KYA5,License Key 911,Software
912,E-2025-000912,Resistor Pack 912,Electronics
913,MEC-55329018,Mounting Bracket 913,Mechanical
914,ASM-86287886,Mounting Bracket 914,Mechanical
915,E-2025-000915,Resistor Pack 915,Electronics
916,MEC-85188361,Mounting Bracket 916,Mechanical
917,E-2025-000917,Resistor Pack 917,Electronics
918,ASM-38741927,Mounting Bracket 918,Mechanical
919,E-2025-000919,Resistor Pack 919,Electronics
920,SW-CS60-V5-IDERE,License Key 920,Software
921,MEC-56696047,Mounting Bracket 921,Mechanical
922,E-2025-000922,Resistor Pack 922,Electronics
923,SW-PH10-V3-E0CNV,License Key 923,Software
924,SW-VS22-V1-ALDZI,License Key 924,Software
925,E-2025-000925,Resistor Pack 925,Electronics
926,SW-CS60-V3-3A4D7,License Key 926,Software
927,E-2025-000927,Resistor Pack 927,Electronics
928,SW-CS60-V3-NQUCC,License Key 928,Software
929,SW-CS60-V4-OOFZV,License Key 929,Software
930,MEC-92302982,Mounting Bracket 930,Mechanical
931,SW-PH10-V2-CFNMA,License Key 931,Software
932,SW-CS60-V1-TGWWW,License Key 932,Software
933,E-2025-000933,Resistor Pack 933,Electronics
934,SW-VS22-V5-Q8S62,License Key 934,Software
935,E-2025-000935,Resistor Pack 935,Electronics
936,SW-PH10-V3-5ZBHC,License Key 936,Software
937,E-2025-000937,Resistor Pack 937,Electronics
938,E-2025-000938,Resistor Pack 938,Electronics
939,MEC-66778297,Mounting Bracket 939,Mechanical
940,SW-CS60-V1-SYFTC,License Key 940,Software
941,E-2025-000941,Resistor Pack 941,Electronics
942,E-2025-000942,Resistor Pack 942,Electronics
943,ASM-34038277,Mounting Bracket 943,Mechanical
944,SW-PH10-V5-ZEWZV,License Key 944,Software
945,E-2025-000945,Resistor Pack 945,Electronics
946,E-2025-000946,Resistor Pack 946,Electronics
947,E-2025-000947,Resistor Pack 947,Electronics
948,E-2025-000948,Resistor Pack 948,Electronics
949,E-2025-000949,Resistor Pack 949,Electronics
950,E-2025-000950,Resistor Pack 950,Electronics
951,E-2025-000951,Resistor Pack 951,Electronics
952,MEC-87436207,Mounting Bracket 952,Mechanical
953,E-2025-000953,Resistor Pack 953,Electronics
954,E-2025-000954,Resistor Pack 954,Electronics
955,SW-PH10-V3-QOWXY,License Key 955,Software
956,E-2025-000956,Resistor Pack 956,Electronics
957,E-2025-000957,Resistor Pack 957,Electronics
958,E-2025-000958,Resistor Pack 958,Electronics
959,E-2025-000959,Resistor Pack 959,Electronics
960,E-2025-000960,Resistor Pack 960,Electronics
961,SW-VS22-V2-UQC45,License Key 961,Software
962,E-2025-000962,Resistor Pack 962,Electronics
963,E-2025-000963,Resistor Pack 963,Electronics
964,ASM-90518426,Mounting Bracket 964,Mechanical
965,E-2025-000965,Resistor Pack 965,Electronics
966,MEC-56345828,Mounting Bracket 966,Mechanical
967,ASM-94307861,Mounting Bracket 967,Mechanical
968,E-2025-000968,Resistor Pack 968,Electronics
969,SW-PH10-V1-OO8VD,License Key 969,Software
970,E-2025-000970,Resistor Pack 970,Electronics
971,E-2025-000971,Resistor Pack 971,Electronics
972,E-2025-000972,Resistor Pack 972,Electronics
973,MEC-77140804,Mounting Bracket 973,Mechanical
974,CNC-86589235,Mounting Bracket 974,Mechanical
975,E-2025-000975,Resistor Pack 975,Electronics
976,ASM-77250610,Mounting Bracket 976,Mechanical
977,E-2025-000977,Resistor Pack 977,Electronics
978,SW-PH10-V1-2HU1Y,License Key 978,Software
979,E-2025-000979,Resistor Pack 979,Electronics
980,E-2025-000980,Resistor Pack 980,Electronics
981,CNC-96360585,Mounting Bracket 981,Mechanical
982,E-2025-000982,Resistor Pack 982,Electronics
983,E-2025-000983,Resistor Pack 983,Electronics
984,E-2025-000984,Resistor Pack 984,Electronics
985,MEC-85641663,Mounting Bracket 985,Mechanical
986,E-2025-000986,Resistor Pack 986,Electronics
987,E-2025-000987,Resistor Pack 987,Electronics
988,ASM-11884806,Mounting Bracket 988,Mechanical
989,E-2025-000989,Resistor Pack 989,Electronics
990,E-2025-000990,Resistor Pack 990,Electronics
991,E-2025-000991,Resistor Pack 991,Electronics
992,SW-PH10-V4-PYXFU,License Key 992,Software
993,E-2025-000993,Resistor Pack 993,Electronics
994,E-2025-000994,Resistor Pack 994,Electronics
995,SW-CS60-V3-3I90K,License Key 995,Software
996,MEC-63881529,Mounting Bracket 996,Mechanical
997,E-2025-000997,Resistor Pack 997,Electronics
998,E-2025-000998,Resistor Pack 998,Electronics
999,E-2025-000999,Resistor Pack 999,Electronics
1000,CNC-70334002,Mounting Bracket 1000,Mechanical
